transaction_id,transaction_amount,customer_risk_score,days_since_signup,previous_transaction_count,is_fraud
489,188.94,0.04,10,0,0
47,45.35,0.25,3,0,0
110,58.05,0.04,4,0,0
430,258.21,0.1,15,0,0
324,37.11,0.25,30,1,0
86,84.25,0.24,10,0,0
336,69.35,0.25,55,2,0
335,180.91,0.09,70,0,0
280,365.05,0.02,82,0,0
28,49.92,0.01,1,0,0
246,447.57,0.02,88,1,0
260,404.91,0.01,6,1,0
298,427.17,0.08,74,0,0
40,323.19,0.09,53,0,0
411,387.3,0.08,82,1,0
425,34.85,0.25,79,3,0
341,5.71,0.01,20,2,0
381,340.77,0.01,20,3,0
317,12.83,0.09,12,0,0
37,127.27,0.16,61,0,0
442,322.56,0.22,71,0,0
138,410.65,0.04,96,1,0
446,463.52,0.14,14,0,0
152,,0.14,16,1,0
396,321.75,0.04,100,2,0
364,369.35,0.26,15,0,0
268,460.95,0.09,73,1,0
453,13.71,0.06,73,0,0
45,194.21,0.18,33,0,0
455,18.37,0.01,98,0,0
142,83.18,0.19,28,0,0
97,202.98,0.19,29,1,0
209,194.22,0.01,56,0,0
355,410.8,0.26,37,1,0
79,184.18,0.19,53,0,0
46,129.52,0.22,103,1,0
140,436.04,0.09,48,1,0
493,382.54,0.25,119,4,0
157,331.55,0.01,64,1,0
291,96.86,0.03,86,0,0
325,335.26,0.06,98,1,0
24,414.68,0.09,55,2,0
208,255.8,0.01,35,0,0
31,134.07,0.08,131,2,1
56,160.04,0.01,39,1,0
113,258.26,0.14,24,0,0
261,224.86,0.07,20,0,0
313,404.36,0.27,10,0,0
423,448.99,0.04,7,0,0
401,120.49,0.07,12,0,0
429,10.01,0.03,14,0,0
65,11.43,0.04,8,1,0
421,151.06,0.04,137,1,0
139,406.55,0.08,145,3,0
265,52.31,0.19,82,1,0
23,361.77,0.03,18,1,0
233,312.87,0.17,41,0,0
19,94.54,0.27,128,0,0
2,205.23,0.27,130,1,0
475,366.03,0.01,95,2,1
181,42.45,0.03,26,2,1
351,415.97,0.23,91,0,0
21,13.09,0.27,157,0,0
149,294.47,0.25,14,0,0
145,151.15,0.14,48,1,0
77,267.43,0.06,130,2,0
172,296.08,0.07,15,0,0
373,201.91,0.01,104,3,0
360,496.39,0.19,79,2,0
174,191.71,0.07,110,0,0
240,82.93,0.18,59,0,0
248,186.09,0.09,96,3,0
102,108.38,0.07,44,1,0
418,2214.16,0.98,20,0,0
108,239.42,0.09,100,4,0
251,356.25,0.1,173,1,0
117,138.99,0.18,157,0,0
379,439.84,0.28,12,0,0
220,56.09,0.06,147,3,0
296,71.12,0.03,138,1,0
397,93.09,0.05,138,0,0
476,428.54,0.06,153,4,0
392,369.83,0.01,128,4,0
75,323.64,0.27,24,0,0
393,,0.23,69,0,0
32,66.23,0.24,55,0,0
403,256.97,0.17,32,0,0
258,82.0,0.03,65,3,0
241,227.06,0.19,5,0,0
315,351.82,0.03,67,4,0
445,349.08,0.19,133,2,0
264,222.38,0.01,141,5,0
435,199.92,0.04,67,2,0
237,277.39,0.19,117,3,0
123,114.91,0.14,91,2,0
488,283.09,0.24,68,1,0
362,115.93,0.14,61,0,0
191,393.7,0.07,149,1,0
266,464.9,0.01,146,6,0
299,221.36,0.04,72,3,0
284,387.6,0.07,78,2,0
231,341.11,0.27,80,1,0
175,346.21,0.18,99,1,0
163,269.02,0.06,179,5,0
478,16.86,0.3,33,0,0
222,149.62,0.07,67,1,0
481,85.1,0.17,28,0,0
255,329.04,0.18,43,0,0
464,27.7,0.07,160,2,0
460,364.29,0.04,82,4,0
128,365.22,0.09,159,0,0
257,441.48,0.07,104,1,0
458,162.0,0.22,95,0,0
352,315.18,0.14,72,0,0
412,902.74,0.88,14,0,0
383,252.73,0.01,167,7,0
13,359.5,0.3,50,1,0
57,486.34,0.27,99,2,0
22,303.03,0.04,93,5,0
35,190.26,0.01,1,0,1
67,39.48,0.3,51,2,0
482,339.34,0.17,67,0,0
469,,0.1,125,0,0
227,1963.85,0.88,21,1,0
210,,0.17,128,1,0
450,15.18,0.1,127,1,0
480,284.34,0.1,129,2,0
103,364.69,0.07,121,2,0
444,394.26,0.17,75,1,0
134,102.56,0.27,77,1,0
465,311.16,0.25,97,1,0
54,328.94,0.19,163,0,0
242,238.81,0.27,79,2,0
169,361.2,0.19,164,1,0
431,205.01,0.14,167,2,0
287,352.62,0.01,150,2,0
443,256.67,0.11,2,0,1
466,150.52,0.03,103,0,0
256,204.1,0.27,118,3,0
399,205.23,0.17,132,0,0
295,336.63,0.14,80,0,0
230,328.32,0.09,174,5,0
165,303.37,0.25,105,2,0
183,499.0,0.24,156,0,0
490,76.79,0.24,156,1,0
6,127.69,0.2,73,0,0
100,62.96,0.29,21,0,0
87,38.97,0.01,28,1,0
238,338.15,0.14,90,0,0
367,379.54,0.19,68,1,0
146,345.68,0.18,85,1,0
55,161.86,0.19,1,0,0
10,82.88,0.23,137,1,0
410,258.52,0.14,92,1,0
148,294.77,0.17,72,1,0
126,59.34,0.25,41,0,0
202,111.04,0.22,134,1,0
76,401.84,0.14,110,1,0
7,477.06,0.11,19,1,0
288,236.03,0.18,91,2,0
301,405.57,0.24,6,0,0
380,30.12,0.1,18,0,0
106,120.63,0.08,21,0,0
90,276.64,0.24,128,2,0
189,97.13,0.05,3,0,0
462,445.05,0.17,150,1,0
223,318.41,0.15,117,0,0
199,80.72,0.03,145,5,0
344,371.17,0.18,104,3,0
121,410.09,0.28,111,1,0
91,417.72,0.23,158,2,0
136,138.94,0.24,144,3,0
205,327.69,0.24,145,4,0
318,379.69,0.29,50,1,0
180,403.26,0.14,132,2,0
274,305.9,0.19,36,0,1
289,,0.13,52,0,0
176,80.01,0.14,133,3,0
492,11.77,0.29,96,0,0
195,1092.53,0.83,73,0,0
400,18.85,0.01,166,0,0
245,69.03,0.05,32,1,0
307,36.43,0.07,177,3,1
144,403.18,0.13,25,0,0
398,319.09,0.03,12,0,0
93,200.68,0.15,146,1,0
293,407.3,0.29,67,2,0
422,27.94,0.19,113,2,0
432,406.87,0.25,82,1,0
389,217.35,0.06,56,0,0
178,246.1,0.07,157,2,0
454,277.31,0.2,123,1,0
221,222.18,0.01,179,1,0
78,528.39,0.83,90,1,0
182,257.35,0.15,153,2,0
329,392.09,0.14,163,4,0
131,2562.99,0.98,161,1,0
457,403.05,0.19,67,1,0
312,,0.29,85,3,0
173,425.2,0.14,154,2,0
302,409.11,0.11,77,2,0
419,199.94,0.07,174,3,0
80,626.02,0.98,167,2,0
382,408.05,0.17,162,1,0
39,441.11,0.17,161,2,0
96,165.08,0.15,171,3,0
342,324.76,0.12,19,0,0
371,26.12,0.3,67,0,0
349,296.31,0.02,3,0,0
25,383.62,0.08,93,0,0
468,168.29,0.11,86,3,0
438,67.67,0.06,82,1,0
184,109.33,0.29,140,1,0
368,101.91,0.24,47,0,0
267,254.81,0.3,73,0,0
391,99.69,0.14,169,0,0
52,421.24,0.04,122,0,1
337,461.93,0.3,75,1,0
278,399.79,0.06,8,0,0
259,32.69,0.05,79,2,0
271,11.69,0.25,121,2,0
95,443.36,0.08,10,0,0
235,257.37,0.19,86,1,0
321,392.44,0.12,37,1,0
186,1869.79,0.83,129,2,0
154,133.04,0.29,114,4,0
487,169.81,0.13,117,1,0
499,475.64,0.24,62,1,0
33,42.72,0.3,87,2,0
135,414.58,0.19,97,2,0
48,105.84,0.18,27,0,0
8,301.39,0.25,133,3,0
53,117.46,0.19,106,2,0
211,313.02,0.04,142,1,0
459,463.74,0.11,115,4,0
326,42.83,0.03,76,1,0
441,72.13,0.06,114,2,0
451,352.32,0.1,7,0,0
160,21.58,0.05,105,3,1
9,212.14,0.25,176,0,0
498,82.06,0.21,36,0,0
495,298.36,0.19,8,0,0
42,321.22,0.14,122,0,0
1,288.24,0.02,58,1,0
374,185.47,0.08,141,1,0
470,22.05,0.3,125,1,0
99,314.65,0.06,139,3,0
369,112.99,0.1,29,1,0
387,470.67,0.13,2,0,0
16,273.54,0.01,164,2,0
167,370.71,0.06,151,4,0
434,483.89,0.13,132,1,0
151,215.36,0.1,160,1,0
439,292.47,0.09,31,0,0
41,387.73,0.05,39,0,0
377,136.27,0.25,35,0,0
38,215.14,0.14,152,1,1
494,288.21,0.24,41,0,0
107,36.09,0.12,105,2,0
338,426.53,0.08,63,0,0
405,394.52,0.3,160,3,0
339,114.21,0.14,171,2,0
30,173.94,0.14,116,0,0
82,278.72,0.1,73,2,0
474,292.16,0.05,2,0,0
388,27.96,0.1,76,3,0
59,326.54,0.24,146,2,0
150,183.23,0.06,103,1,0
354,100.87,0.18,4,0,0
201,202.93,0.09,64,1,0
101,112.97,0.03,157,2,0
404,42.04,0.23,60,0,0
170,445.62,0.08,111,1,0
177,169.8,0.14,132,1,1
129,25.71,0.13,79,0,0
305,364.79,0.08,118,2,0
14,471.73,0.24,82,1,0
479,131.17,0.06,119,2,0
447,436.04,0.01,30,0,1
378,220.59,0.05,86,1,0
385,477.53,0.08,124,3,0
69,485.14,0.27,164,0,0
130,120.14,0.22,70,0,0
193,293.46,0.23,81,1,0
407,89.23,0.08,105,1,0
275,204.23,0.22,80,1,0
153,362.44,0.25,96,1,0
200,429.45,0.09,93,2,0
164,312.7,0.16,44,0,0
64,34.2,0.25,147,0,0
273,421.32,0.02,135,0,0
472,19.64,0.03,22,0,0
420,222.09,0.16,50,0,0
262,415.91,0.13,106,1,0
161,,0.04,152,0,0
133,97.25,0.08,18,0,0
448,6.25,0.13,112,2,0
366,497.8,0.16,51,0,0
74,141.11,0.14,180,2,0
486,413.39,0.08,34,1,0
370,400.09,0.05,63,1,1
320,493.14,0.29,10,0,0
85,373.17,0.13,127,3,0
440,33.6,0.21,164,1,0
71,299.89,0.01,31,0,0
390,1510.52,0.94,165,0,0
132,276.27,0.05,75,2,0
213,2889.49,0.94,171,1,0
141,230.64,0.05,77,3,0
194,350.33,0.23,128,2,0
122,384.23,0.16,155,0,0
427,246.73,0.21,154,0,0
436,54.75,0.13,146,4,0
402,280.57,0.29,31,1,0
116,205.82,0.15,25,0,0
376,469.86,0.15,26,1,1
358,,0.22,82,0,0
270,66.63,0.08,62,2,0
350,238.84,0.02,50,0,0
179,336.39,0.05,157,2,0
70,147.53,0.01,59,1,0
215,51.66,0.05,97,4,0
375,442.54,0.16,104,1,0
58,,0.01,104,1,0
109,174.13,0.0,55,0,0
214,183.63,0.08,50,0,0
303,496.24,0.03,69,0,1
232,208.94,0.19,165,1,0
36,134.65,0.16,105,1,0
300,,0.18,106,1,0
276,247.04,0.12,150,0,0
334,444.7,0.24,171,2,0
26,214.67,0.19,178,2,0
249,359.93,0.22,110,1,0
119,120.0,0.16,120,2,1
5,305.28,0.13,164,1,0
428,331.35,0.18,59,0,0
111,248.1,0.29,72,2,0
226,414.33,0.08,75,0,0
61,333.54,0.19,39,0,0
456,10.95,0.1,32,0,0
292,165.23,0.03,114,1,0
417,141.89,0.18,139,2,0
309,185.37,0.18,76,1,0
408,322.88,0.03,110,1,0
348,39.19,0.03,121,2,0
229,24.31,0.22,76,0,0
308,307.43,0.28,11,0,0
426,1627.16,0.85,135,0,0
228,316.5,0.02,109,1,0
353,247.51,0.0,60,0,0
34,124.1,0.19,65,1,0
115,315.98,0.18,93,2,0
282,498.98,0.06,17,0,0
188,244.1,0.0,65,1,0
386,58.46,0.03,132,2,0
414,392.18,0.22,5,0,0
331,89.47,0.01,68,0,0
60,494.22,0.24,83,0,0
461,,0.01,70,1,0
395,487.01,0.06,26,1,0
112,461.13,0.06,48,0,0
63,490.11,0.1,70,1,0
3,,0.22,164,2,0
147,371.12,0.27,97,0,0
50,259.05,0.1,39,0,0
323,203.18,0.08,121,1,0
162,359.09,0.03,155,3,0
463,266.16,0.16,175,3,1
84,451.29,0.05,5,0,0
168,246.13,0.29,123,3,0
92,488.49,0.01,81,2,0
125,1515.64,0.93,50,0,0
365,156.12,0.03,165,4,0
66,1664.57,0.81,3,0,0
224,2048.89,0.92,17,0,0
409,265.62,0.07,71,0,0
158,486.19,0.22,29,1,0
114,47.11,0.01,14,0,0
51,403.4,0.06,67,1,0
415,121.13,0.07,45,0,0
361,69.85,0.18,129,3,0
225,262.26,0.08,146,1,0
11,27.23,0.22,38,2,0
269,380.63,0.01,23,1,0
98,34.05,0.1,61,1,0
94,399.62,0.21,37,0,0
483,163.38,0.17,61,0,0
285,81.8,0.06,78,2,0
104,463.6,0.01,27,2,0
310,104.86,0.08,172,3,0
204,807.16,0.93,72,1,0
340,422.37,0.17,66,1,0
49,178.32,0.0,137,0,0
413,219.89,0.07,64,1,0
18,117.02,0.08,164,2,0
171,293.26,0.09,56,0,0
244,16.72,0.29,14,0,1
384,224.76,0.08,161,0,0
394,1284.85,0.81,38,1,0
192,71.51,0.07,107,1,0
406,59.15,0.06,82,2,0
185,119.56,0.29,22,1,0
29,72.51,0.26,6,0,0
105,169.19,0.29,173,4,0
283,1407.6,0.94,107,0,0
485,201.7,0.1,17,0,0
166,336.33,0.07,84,2,0
17,119.54,0.1,98,2,0
467,125.87,0.08,178,1,0
343,496.88,0.08,180,2,0
473,2926.57,0.81,55,2,0
218,2426.91,0.94,117,1,0
234,368.43,0.06,98,3,0
332,338.96,0.01,67,3,0
27,1215.48,0.87,79,0,0
272,317.49,0.06,103,4,0
72,101.11,0.09,88,1,0
306,371.87,0.06,124,3,0
62,43.62,0.1,111,3,0
491,172.78,0.1,21,0,0
217,476.24,0.06,107,5,0
452,247.45,0.15,13,0,0
203,188.43,0.21,90,1,0
206,228.72,0.1,26,1,0
187,84.54,0.15,18,1,0
286,402.72,0.3,107,0,0
279,146.0,0.01,161,3,0
314,280.84,0.06,117,6,0
83,197.63,0.0,20,0,0
120,103.59,0.2,30,0,0
252,103.19,0.1,34,2,0
250,469.76,0.1,28,0,0
253,480.53,0.0,4,0,0
12,497.27,0.09,176,0,0
198,2375.47,0.81,83,3,0
497,165.95,0.26,48,1,0
330,170.62,0.01,95,4,1
500,85.81,0.21,30,0,0
156,10.56,0.05,99,1,0
254,2188.94,0.81,89,4,0
471,151.04,0.1,62,0,0
359,185.94,0.21,121,2,0
372,149.82,0.25,44,0,0
294,377.15,0.17,147,2,0
43,166.57,0.1,57,3,0
316,94.24,0.07,169,2,0
319,490.05,0.29,82,2,0
190,387.85,0.28,150,1,0
137,1229.22,0.87,127,1,0
327,394.37,0.01,118,5,0
424,181.38,0.2,64,1,0
333,2385.56,0.93,165,2,0
44,390.83,0.1,62,1,0
143,406.35,0.12,28,0,0
496,23.47,0.27,83,0,0
437,401.33,0.28,169,0,0
216,15.01,0.06,161,7,0
346,395.26,0.1,70,2,0
247,117.82,0.16,70,0,0
118,14.15,0.21,68,1,0
433,485.15,0.25,63,0,0
311,347.62,0.09,154,2,0
155,190.84,0.06,174,8,0
277,598.93,0.85,40,0,0
20,248.11,0.29,115,3,0
322,189.64,0.17,88,0,0
345,312.46,0.25,84,1,0
197,226.15,0.26,110,2,0
196,179.27,0.05,159,2,0
347,276.02,0.16,102,1,0
81,2493.99,0.85,62,1,0
297,417.24,0.21,179,3,0
363,26.24,0.03,90,0,0
416,304.45,0.15,111,2,0
212,487.32,0.26,133,3,0
328,12.91,0.29,150,4,0
290,9.55,0.25,116,2,0
477,299.8,0.0,120,1,0
239,423.55,0.27,141,1,0
236,304.32,0.21,123,2,0
356,332.28,0.19,96,0,0
124,49.1,0.1,161,1,0
207,1337.45,0.85,97,2,0
263,64.69,0.27,157,2,0
159,157.27,0.02,131,0,0
68,211.08,0.29,174,5,0
304,267.94,0.25,143,3,0
219,130.73,0.04,176,0,1
127,89.76,0.1,164,4,0
73,430.84,0.1,180,2,0
15,134.5,0.1,159,3,0
243,122.15,0.03,147,0,0
357,,0.25,148,1,0
88,346.36,0.27,179,3,0
4,474.92,0.0,142,1,0
89,2731.39,0.94,149,0,0
449,497.34,0.25,168,4,0
281,180.55,0.0,174,2,0
484,146.7,0.27,155,0,0
